date,game,goalie,line,actual_saves,v0_1_expected_saves,v0_1_over_probability,v0_1_direction,v0_1_result,v0_2_expected_saves,v0_2_over_probability,v0_2_direction,v0_2_result
2026-10-06,CAR@MTL,Brandon Bussi,22.5,16,22.265680,0.466125,Under,WIN,21.672365,0.420470,Under,WIN
2026-10-06,CAR@MTL,Jakub Dobes,26.5,28,24.334972,0.320588,Under,LOSS,27.804181,0.542328,Over,WIN
2026-10-06,UTA@NJD,Jake Allen,23.5,27,24.524072,0.569143,Over,WIN,23.743953,0.486820,Under,LOSS
2026-10-06,UTA@NJD,Karel Vejmelka,25.5,30,23.808779,0.353259,Under,LOSS,24.294729,0.403724,Under,LOSS
2026-10-06,MIN@BUF,Jesper Wallstedt,24.5,25,25.686016,0.580255,Over,WIN,23.324735,0.403303,Under,LOSS
2026-10-06,MIN@BUF,Colten Ellis,24.5,18,25.254320,0.546715,Over,LOSS,22.956216,0.381461,Under,WIN
2026-10-06,OTT@DET,John Gibson,24.5,22,24.100826,0.454180,Under,WIN,23.769326,0.429598,Under,WIN
2026-10-06,OTT@DET,Samuel Ersson,23.5,31,23.089331,0.452254,Under,LOSS,24.117914,0.508854,Over,WIN
2026-10-06,NSH@TOR,Juuse Saros,24.5,33,25.310944,0.551161,Over,WIN,26.417828,0.579289,Over,WIN
2026-10-06,NSH@TOR,Anthony Stolarz,23.5,21,25.221749,0.622899,Over,LOSS,25.042762,0.561695,Over,LOSS
2026-10-06,NYI@NYR,Semyon Varlamov,23.5,19,24.378409,0.557589,Over,LOSS,23.709826,0.484793,Under,WIN
2026-10-06,NYI@NYR,Igor Shesterkin,23.5,17,24.651337,0.579153,Over,LOSS,23.863395,0.493893,Under,WIN
2026-10-06,STL@CHI,Joel Hofer,22.5,17,24.664022,0.658403,Over,LOSS,23.742643,0.546985,Over,LOSS
2026-10-06,STL@CHI,Spencer Knight,22.5,25,25.159236,0.693543,Over,WIN,23.548790,0.535609,Over,WIN
2026-10-06,VGK@SEA,Joey Daccord,25.5,16,24.978390,0.445360,Under,WIN,25.528749,0.474113,Under,WIN
2026-10-06,FLA@LAK,Jacob Markstrom,22.5,19,23.833295,0.595249,Over,LOSS,25.799829,0.658684,Over,LOSS
2026-10-06,FLA@LAK,Darcy Kuemper,24.5,26,23.608379,0.414252,Under,LOSS,23.925256,0.438786,Under,LOSS
