date,cohort,wins,losses,hit_rate,expected_wins,brier,profit_units,roi
2026-09-29,TOP10_PROBABILITY,7,3,0.7000,7.6003,0.2080,,
2026-09-29,PLAYABLE_PRICE,7,10,0.4118,8.9110,0.2586,-0.9502,-0.0559
2026-09-30,TOP10_PROBABILITY,6,4,0.6000,6.8778,0.2135,,
2026-09-30,PLAYABLE_PRICE,6,4,0.6000,5.3318,0.1824,1.2905,0.1290
2026-10-02,TOP10_PROBABILITY,7,3,0.7000,7.1457,0.2017,,
2026-10-02,PLAYABLE_PRICE,6,2,0.7500,4.2199,0.2068,4.4427,0.5553
2026-10-04,TOP10_PROBABILITY,7,3,0.7000,6.7306,0.2244,,
2026-10-04,PLAYABLE_PRICE,5,5,0.5000,5.4113,0.1994,-0.8231,-0.0823
CUMULATIVE,TOP10_PROBABILITY,27,13,0.6750,28.3544,0.2119,,
CUMULATIVE,PLAYABLE_PRICE,24,21,0.5333,23.8740,0.2193,3.9599,0.0880
2026-10-03,TOP10_PROBABILITY_LATE_LOCK,6,4,0.6000,7.6161,0.2563,,
2026-10-03,PLAYABLE_PRICE_LATE_LOCK,12,21,0.3636,16.5642,0.2836,6.4177,0.1945
